index,site,Strata,species,cpue
1,2007,J,J.roemerianus,78
2,2007,J,J.roemerianus,78
3,2007,J,J.roemerianus,78
4,2007,J,J.roemerianus,78
5,2007,J,J.roemerianus,78
6,2007,J,J.roemerianus,78
7,2007,J,J.roemerianus,78
8,2007,J,J.roemerianus,78
9,2007,J,J.roemerianus,78
10,2007,J,J.roemerianus,78
11,2007,J,J.roemerianus,78
12,2007,J,J.roemerianus,78
13,2007,J,J.roemerianus,78
14,2007,J,J.roemerianus,78
15,2007,J,J.roemerianus,78
16,2007,J,J.roemerianus,78
17,2007,J,J.roemerianus,78
18,2007,J,J.roemerianus,78
19,2007,J,J.roemerianus,78
20,2007,J,J.roemerianus,78
21,2007,J,J.roemerianus,78
22,2007,J,J.roemerianus,78
23,2007,J,J.roemerianus,78
24,2007,J,J.roemerianus,78
25,2007,J,J.roemerianus,78
26,2007,J,J.roemerianus,78
27,2007,J,J.roemerianus,78
28,2007,J,J.roemerianus,78
29,2007,J,J.roemerianus,78
30,2007,J,J.roemerianus,78
31,2007,J,J.roemerianus,78
32,2007,J,J.roemerianus,78
33,2007,J,J.roemerianus,78
34,2007,J,J.roemerianus,78
35,2007,J,J.roemerianus,78
36,2007,J,J.roemerianus,78
37,2007,J,J.roemerianus,78
38,2007,J,J.roemerianus,78
39,2007,J,J.roemerianus,78
40,2007,J,J.roemerianus,78
41,2007,J,J.roemerianus,78
42,2007,J,J.roemerianus,78
43,2007,J,J.roemerianus,78
44,2007,J,J.roemerianus,78
45,2007,J,J.roemerianus,78
46,2007,J,J.roemerianus,78
47,2007,J,J.roemerianus,78
48,2007,J,J.roemerianus,78
49,2007,J,J.roemerianus,78
50,2007,J,J.roemerianus,78
51,2007,J,J.roemerianus,78
52,2007,J,J.roemerianus,78
53,2007,J,J.roemerianus,78
54,2007,J,J.roemerianus,78
55,2007,J,J.roemerianus,78
56,2007,J,J.roemerianus,78
57,2007,J,J.roemerianus,78
58,2007,J,J.roemerianus,78
59,2007,J,J.roemerianus,78
60,2007,J,J.roemerianus,78
61,2007,J,J.roemerianus,78
62,2007,J,J.roemerianus,78
63,2007,J,J.roemerianus,78
64,2007,J,J.roemerianus,78
65,2007,J,J.roemerianus,78
66,2007,J,J.roemerianus,78
67,2007,J,J.roemerianus,78
68,2007,J,J.roemerianus,78
69,2007,J,J.roemerianus,78
70,2007,J,J.roemerianus,78
71,2007,J,J.roemerianus,78
72,2007,J,J.roemerianus,78
73,2007,J,J.roemerianus,78
74,2007,J,J.roemerianus,78
75,2007,J,J.roemerianus,78
76,2007,J,J.roemerianus,78
77,2007,J,J.roemerianus,78
78,2007,J,J.roemerianus,78
79,2007,NC,J.roemerianus,0
80,2015,J,J.roemerianus,58
81,2015,J,J.roemerianus,58
82,2015,J,J.roemerianus,58
83,2015,J,J.roemerianus,58
84,2015,J,J.roemerianus,58
85,2015,J,J.roemerianus,58
86,2015,J,J.roemerianus,58
87,2015,J,J.roemerianus,58
88,2015,J,J.roemerianus,58
89,2015,J,J.roemerianus,58
90,2015,J,J.roemerianus,58
91,2015,J,J.roemerianus,58
92,2015,J,J.roemerianus,58
93,2015,J,J.roemerianus,58
94,2015,J,J.roemerianus,58
95,2015,J,J.roemerianus,58
96,2015,J,J.roemerianus,58
97,2015,J,J.roemerianus,58
98,2015,J,J.roemerianus,58
99,2015,J,J.roemerianus,58
100,2015,J,J.roemerianus,58
101,2015,J,J.roemerianus,58
102,2015,J,J.roemerianus,58
103,2015,J,J.roemerianus,58
104,2015,J,J.roemerianus,58
105,2015,J,J.roemerianus,58
106,2015,J,J.roemerianus,58
107,2015,J,J.roemerianus,58
108,2015,J,J.roemerianus,58
109,2015,J,J.roemerianus,58
110,2015,J,J.roemerianus,58
111,2015,J,J.roemerianus,58
112,2015,J,J.roemerianus,58
113,2015,J,J.roemerianus,58
114,2015,J,J.roemerianus,58
115,2015,J,J.roemerianus,58
116,2015,J,J.roemerianus,58
117,2015,J,J.roemerianus,58
118,2015,J,J.roemerianus,58
119,2015,J,J.roemerianus,58
120,2015,J,J.roemerianus,58
121,2015,J,J.roemerianus,58
122,2015,J,J.roemerianus,58
123,2015,J,J.roemerianus,58
124,2015,J,J.roemerianus,58
125,2015,J,J.roemerianus,58
126,2015,J,J.roemerianus,58
127,2015,J,J.roemerianus,58
128,2015,J,J.roemerianus,58
129,2015,J,J.roemerianus,58
130,2015,J,J.roemerianus,58
131,2015,J,J.roemerianus,58
132,2015,J,J.roemerianus,58
133,2015,J,J.roemerianus,58
134,2015,J,J.roemerianus,58
135,2015,J,J.roemerianus,58
136,2015,J,J.roemerianus,58
137,2015,J,J.roemerianus,58
138,2015,NC,J.roemerianus,0
139,2013,HP,J.roemerianus,32
140,2013,HP,J.roemerianus,32
141,2013,HP,J.roemerianus,32
142,2013,HP,J.roemerianus,32
143,2013,HP,J.roemerianus,32
144,2013,HP,J.roemerianus,32
145,2013,HP,J.roemerianus,32
146,2013,HP,J.roemerianus,32
147,2013,HP,J.roemerianus,32
148,2013,HP,J.roemerianus,32
149,2013,HP,J.roemerianus,32
150,2013,HP,J.roemerianus,32
151,2013,HP,J.roemerianus,32
152,2013,HP,J.roemerianus,32
153,2013,HP,J.roemerianus,32
154,2013,HP,J.roemerianus,32
155,2013,HP,J.roemerianus,32
156,2013,HP,J.roemerianus,32
157,2013,HP,J.roemerianus,32
158,2013,HP,J.roemerianus,32
159,2013,HP,J.roemerianus,32
160,2013,HP,J.roemerianus,32
161,2013,HP,J.roemerianus,32
162,2013,HP,J.roemerianus,32
163,2013,HP,J.roemerianus,32
164,2013,HP,J.roemerianus,32
165,2013,HP,J.roemerianus,32
166,2013,HP,J.roemerianus,32
167,2013,HP,J.roemerianus,32
168,2013,HP,J.roemerianus,32
169,2013,HP,J.roemerianus,32
170,2013,HP,J.roemerianus,32
171,2015,J,J.roemerianus,29
172,2015,J,J.roemerianus,29
173,2015,J,J.roemerianus,29
174,2015,J,J.roemerianus,29
175,2015,J,J.roemerianus,29
176,2015,J,J.roemerianus,29
177,2015,J,J.roemerianus,29
178,2015,J,J.roemerianus,29
179,2015,J,J.roemerianus,29
180,2015,J,J.roemerianus,29
181,2015,J,J.roemerianus,29
182,2015,J,J.roemerianus,29
183,2015,J,J.roemerianus,29
184,2015,J,J.roemerianus,29
185,2015,J,J.roemerianus,29
186,2015,J,J.roemerianus,29
187,2015,J,J.roemerianus,29
188,2015,J,J.roemerianus,29
189,2015,J,J.roemerianus,29
190,2015,J,J.roemerianus,29
191,2015,J,J.roemerianus,29
192,2015,J,J.roemerianus,29
193,2015,J,J.roemerianus,29
194,2015,J,J.roemerianus,29
195,2015,J,J.roemerianus,29
196,2015,J,J.roemerianus,29
197,2015,J,J.roemerianus,29
198,2015,J,J.roemerianus,29
199,2015,J,J.roemerianus,29
200,2015,NC,J.roemerianus,0
201,2007,J,J.roemerianus,36
202,2007,J,J.roemerianus,36
203,2007,J,J.roemerianus,36
204,2007,J,J.roemerianus,36
205,2007,J,J.roemerianus,36
206,2007,J,J.roemerianus,36
207,2007,J,J.roemerianus,36
208,2007,J,J.roemerianus,36
209,2007,J,J.roemerianus,36
210,2007,J,J.roemerianus,36
211,2007,J,J.roemerianus,36
212,2007,J,J.roemerianus,36
213,2007,J,J.roemerianus,36
214,2007,J,J.roemerianus,36
215,2007,J,J.roemerianus,36
216,2007,J,J.roemerianus,36
217,2007,J,J.roemerianus,36
218,2007,J,J.roemerianus,36
219,2007,J,J.roemerianus,36
220,2007,J,J.roemerianus,36
221,2007,J,J.roemerianus,36
222,2007,J,J.roemerianus,36
223,2007,J,J.roemerianus,36
224,2007,J,J.roemerianus,36
225,2007,J,J.roemerianus,36
226,2007,J,J.roemerianus,36
227,2007,J,J.roemerianus,36
228,2007,J,J.roemerianus,36
229,2007,J,J.roemerianus,36
230,2007,J,J.roemerianus,36
231,2007,J,J.roemerianus,36
232,2007,J,J.roemerianus,36
233,2007,J,J.roemerianus,36
234,2007,J,J.roemerianus,36
235,2007,J,J.roemerianus,36
236,2007,J,J.roemerianus,36
237,2007,NC,J.roemerianus,0
238,2013,HP,J.roemerianus,0
239,2013,HP,J.roemerianus,0
240,2013,HP,J.roemerianus,0
241,2013,HP,J.roemerianus,0
242,2015,J,J.roemerianus,52
243,2015,J,J.roemerianus,52
244,2015,J,J.roemerianus,52
245,2015,J,J.roemerianus,52
246,2015,J,J.roemerianus,52
247,2015,J,J.roemerianus,52
248,2015,J,J.roemerianus,52
249,2015,J,J.roemerianus,52
250,2015,J,J.roemerianus,52
251,2015,J,J.roemerianus,52
252,2015,J,J.roemerianus,52
253,2015,J,J.roemerianus,52
254,2015,J,J.roemerianus,52
255,2015,J,J.roemerianus,52
256,2015,J,J.roemerianus,52
257,2015,J,J.roemerianus,52
258,2015,J,J.roemerianus,52
259,2015,J,J.roemerianus,52
260,2015,J,J.roemerianus,52
261,2015,J,J.roemerianus,52
262,2015,J,J.roemerianus,52
263,2015,J,J.roemerianus,52
264,2015,J,J.roemerianus,52
265,2015,J,J.roemerianus,52
266,2015,J,J.roemerianus,52
267,2015,J,J.roemerianus,52
268,2015,J,J.roemerianus,52
269,2015,J,J.roemerianus,52
270,2015,J,J.roemerianus,52
271,2015,J,J.roemerianus,52
272,2015,J,J.roemerianus,52
273,2015,J,J.roemerianus,52
274,2015,J,J.roemerianus,52
275,2015,J,J.roemerianus,52
276,2015,J,J.roemerianus,52
277,2015,J,J.roemerianus,52
278,2015,J,J.roemerianus,52
279,2015,J,J.roemerianus,52
280,2015,J,J.roemerianus,52
281,2015,J,J.roemerianus,52
282,2015,J,J.roemerianus,52
283,2015,J,J.roemerianus,52
284,2015,J,J.roemerianus,52
285,2015,J,J.roemerianus,52
286,2015,J,J.roemerianus,52
287,2015,J,J.roemerianus,52
288,2015,J,J.roemerianus,52
289,2015,J,J.roemerianus,52
290,2015,J,J.roemerianus,52
291,2015,J,J.roemerianus,52
292,2015,J,J.roemerianus,52
293,2015,J,J.roemerianus,52
294,2015,NC,J.roemerianus,3
295,2015,NC,J.roemerianus,3
296,2015,NC,J.roemerianus,3
297,2007,J,J.roemerianus,29
298,2007,J,J.roemerianus,29
299,2007,J,J.roemerianus,29
300,2007,J,J.roemerianus,29
301,2007,J,J.roemerianus,29
302,2007,J,J.roemerianus,29
303,2007,J,J.roemerianus,29
304,2007,J,J.roemerianus,29
305,2007,J,J.roemerianus,29
306,2007,J,J.roemerianus,29
307,2007,J,J.roemerianus,29
308,2007,J,J.roemerianus,29
309,2007,J,J.roemerianus,29
310,2007,J,J.roemerianus,29
311,2007,J,J.roemerianus,29
312,2007,J,J.roemerianus,29
313,2007,J,J.roemerianus,29
314,2007,J,J.roemerianus,29
315,2007,J,J.roemerianus,29
316,2007,J,J.roemerianus,29
317,2007,J,J.roemerianus,29
318,2007,J,J.roemerianus,29
319,2007,J,J.roemerianus,29
320,2007,J,J.roemerianus,29
321,2007,J,J.roemerianus,29
322,2007,J,J.roemerianus,29
323,2007,J,J.roemerianus,29
324,2007,J,J.roemerianus,29
325,2007,J,J.roemerianus,29
326,2007,NC,J.roemerianus,0
327,2007,J,J.roemerianus,27
328,2007,J,J.roemerianus,27
329,2007,J,J.roemerianus,27
330,2007,J,J.roemerianus,27
331,2007,J,J.roemerianus,27
332,2007,J,J.roemerianus,27
333,2007,J,J.roemerianus,27
334,2007,J,J.roemerianus,27
335,2007,J,J.roemerianus,27
336,2007,J,J.roemerianus,27
337,2007,J,J.roemerianus,27
338,2007,J,J.roemerianus,27
339,2007,J,J.roemerianus,27
340,2007,J,J.roemerianus,27
341,2007,J,J.roemerianus,27
342,2007,J,J.roemerianus,27
343,2007,J,J.roemerianus,27
344,2007,J,J.roemerianus,27
345,2007,J,J.roemerianus,27
346,2007,J,J.roemerianus,27
347,2007,J,J.roemerianus,27
348,2007,J,J.roemerianus,27
349,2007,J,J.roemerianus,27
350,2007,J,J.roemerianus,27
351,2007,J,J.roemerianus,27
352,2007,J,J.roemerianus,27
353,2007,J,J.roemerianus,27
354,2007,NC,J.roemerianus,0
355,2013,HP,J.roemerianus,0
356,2013,HP,J.roemerianus,0
357,2015,NC,J.roemerianus,0
358,2015,J,J.roemerianus,32
359,2015,J,J.roemerianus,32
360,2015,J,J.roemerianus,32
361,2015,J,J.roemerianus,32
362,2015,J,J.roemerianus,32
363,2015,J,J.roemerianus,32
364,2015,J,J.roemerianus,32
365,2015,J,J.roemerianus,32
366,2015,J,J.roemerianus,32
367,2015,J,J.roemerianus,32
368,2015,J,J.roemerianus,32
369,2015,J,J.roemerianus,32
370,2015,J,J.roemerianus,32
371,2015,J,J.roemerianus,32
372,2015,J,J.roemerianus,32
373,2015,J,J.roemerianus,32
374,2015,J,J.roemerianus,32
375,2015,J,J.roemerianus,32
376,2015,J,J.roemerianus,32
377,2015,J,J.roemerianus,32
378,2015,J,J.roemerianus,32
379,2015,J,J.roemerianus,32
380,2015,J,J.roemerianus,32
381,2015,J,J.roemerianus,32
382,2015,J,J.roemerianus,32
383,2015,J,J.roemerianus,32
384,2015,J,J.roemerianus,32
385,2015,J,J.roemerianus,32
386,2015,J,J.roemerianus,32
387,2015,J,J.roemerianus,32
388,2015,J,J.roemerianus,32
389,2015,J,J.roemerianus,32
390,2013,HP,J.roemerianus,0
391,2013,HP,J.roemerianus,0
392,2015,J,J.roemerianus,17
393,2015,J,J.roemerianus,17
394,2015,J,J.roemerianus,17
395,2015,J,J.roemerianus,17
396,2015,J,J.roemerianus,17
397,2015,J,J.roemerianus,17
398,2015,J,J.roemerianus,17
399,2015,J,J.roemerianus,17
400,2015,J,J.roemerianus,17
401,2015,J,J.roemerianus,17
402,2015,J,J.roemerianus,17
403,2015,J,J.roemerianus,17
404,2015,J,J.roemerianus,17
405,2015,J,J.roemerianus,17
406,2015,J,J.roemerianus,17
407,2015,J,J.roemerianus,17
408,2015,J,J.roemerianus,17
409,2015,NC,J.roemerianus,2
410,2015,NC,J.roemerianus,2
411,2007,J,J.roemerianus,1
412,2007,NC,J.roemerianus,4
413,2007,NC,J.roemerianus,4
414,2007,NC,J.roemerianus,4
415,2007,NC,J.roemerianus,4
416,2007,J,S.patens,0
417,2007,NC,S.patens,0
418,2015,J,S.patens,0
419,2015,NC,S.patens,0
420,2013,HP,S.patens,0
421,2015,J,S.patens,0
422,2015,NC,S.patens,0
423,2007,J,S.patens,0
424,2007,NC,S.patens,87
425,2007,NC,S.patens,87
426,2007,NC,S.patens,87
427,2007,NC,S.patens,87
428,2007,NC,S.patens,87
429,2007,NC,S.patens,87
430,2007,NC,S.patens,87
431,2007,NC,S.patens,87
432,2007,NC,S.patens,87
433,2007,NC,S.patens,87
434,2007,NC,S.patens,87
435,2007,NC,S.patens,87
436,2007,NC,S.patens,87
437,2007,NC,S.patens,87
438,2007,NC,S.patens,87
439,2007,NC,S.patens,87
440,2007,NC,S.patens,87
441,2007,NC,S.patens,87
442,2007,NC,S.patens,87
443,2007,NC,S.patens,87
444,2007,NC,S.patens,87
445,2007,NC,S.patens,87
446,2007,NC,S.patens,87
447,2007,NC,S.patens,87
448,2007,NC,S.patens,87
449,2007,NC,S.patens,87
450,2007,NC,S.patens,87
451,2007,NC,S.patens,87
452,2007,NC,S.patens,87
453,2007,NC,S.patens,87
454,2007,NC,S.patens,87
455,2007,NC,S.patens,87
456,2007,NC,S.patens,87
457,2007,NC,S.patens,87
458,2007,NC,S.patens,87
459,2007,NC,S.patens,87
460,2007,NC,S.patens,87
461,2007,NC,S.patens,87
462,2007,NC,S.patens,87
463,2007,NC,S.patens,87
464,2007,NC,S.patens,87
465,2007,NC,S.patens,87
466,2007,NC,S.patens,87
467,2007,NC,S.patens,87
468,2007,NC,S.patens,87
469,2007,NC,S.patens,87
470,2007,NC,S.patens,87
471,2007,NC,S.patens,87
472,2007,NC,S.patens,87
473,2007,NC,S.patens,87
474,2007,NC,S.patens,87
475,2007,NC,S.patens,87
476,2007,NC,S.patens,87
477,2007,NC,S.patens,87
478,2007,NC,S.patens,87
479,2007,NC,S.patens,87
480,2007,NC,S.patens,87
481,2007,NC,S.patens,87
482,2007,NC,S.patens,87
483,2007,NC,S.patens,87
484,2007,NC,S.patens,87
485,2007,NC,S.patens,87
486,2007,NC,S.patens,87
487,2007,NC,S.patens,87
488,2007,NC,S.patens,87
489,2007,NC,S.patens,87
490,2007,NC,S.patens,87
491,2007,NC,S.patens,87
492,2007,NC,S.patens,87
493,2007,NC,S.patens,87
494,2007,NC,S.patens,87
495,2007,NC,S.patens,87
496,2007,NC,S.patens,87
497,2007,NC,S.patens,87
498,2007,NC,S.patens,87
499,2007,NC,S.patens,87
500,2007,NC,S.patens,87
501,2007,NC,S.patens,87
502,2007,NC,S.patens,87
503,2007,NC,S.patens,87
504,2007,NC,S.patens,87
505,2007,NC,S.patens,87
506,2007,NC,S.patens,87
507,2007,NC,S.patens,87
508,2007,NC,S.patens,87
509,2007,NC,S.patens,87
510,2007,NC,S.patens,87
511,2013,HP,S.patens,0
512,2013,HP,S.patens,0
513,2013,HP,S.patens,0
514,2013,HP,S.patens,0
515,2015,J,S.patens,0
516,2015,NC,S.patens,0
517,2007,J,S.patens,0
518,2007,NC,S.patens,5
519,2007,NC,S.patens,5
520,2007,NC,S.patens,5
521,2007,NC,S.patens,5
522,2007,NC,S.patens,5
523,2007,J,S.patens,14
524,2007,J,S.patens,14
525,2007,J,S.patens,14
526,2007,J,S.patens,14
527,2007,J,S.patens,14
528,2007,J,S.patens,14
529,2007,J,S.patens,14
530,2007,J,S.patens,14
531,2007,J,S.patens,14
532,2007,J,S.patens,14
533,2007,J,S.patens,14
534,2007,J,S.patens,14
535,2007,J,S.patens,14
536,2007,J,S.patens,14
537,2007,NC,S.patens,0
538,2013,HP,S.patens,0
539,2013,HP,S.patens,0
540,2015,NC,S.patens,0
541,2015,J,S.patens,0
542,2013,HP,S.patens,0
543,2013,HP,S.patens,0
544,2015,J,S.patens,0
545,2015,NC,S.patens,0
546,2007,J,S.patens,50
547,2007,J,S.patens,50
548,2007,J,S.patens,50
549,2007,J,S.patens,50
550,2007,J,S.patens,50
551,2007,J,S.patens,50
552,2007,J,S.patens,50
553,2007,J,S.patens,50
554,2007,J,S.patens,50
555,2007,J,S.patens,50
556,2007,J,S.patens,50
557,2007,J,S.patens,50
558,2007,J,S.patens,50
559,2007,J,S.patens,50
560,2007,J,S.patens,50
561,2007,J,S.patens,50
562,2007,J,S.patens,50
563,2007,J,S.patens,50
564,2007,J,S.patens,50
565,2007,J,S.patens,50
566,2007,J,S.patens,50
567,2007,J,S.patens,50
568,2007,J,S.patens,50
569,2007,J,S.patens,50
570,2007,J,S.patens,50
571,2007,J,S.patens,50
572,2007,J,S.patens,50
573,2007,J,S.patens,50
574,2007,J,S.patens,50
575,2007,J,S.patens,50
576,2007,J,S.patens,50
577,2007,J,S.patens,50
578,2007,J,S.patens,50
579,2007,J,S.patens,50
580,2007,J,S.patens,50
581,2007,J,S.patens,50
582,2007,J,S.patens,50
583,2007,J,S.patens,50
584,2007,J,S.patens,50
585,2007,J,S.patens,50
586,2007,J,S.patens,50
587,2007,J,S.patens,50
588,2007,J,S.patens,50
589,2007,J,S.patens,50
590,2007,J,S.patens,50
591,2007,J,S.patens,50
592,2007,J,S.patens,50
593,2007,J,S.patens,50
594,2007,J,S.patens,50
595,2007,J,S.patens,50
596,2007,NC,S.patens,40
597,2007,NC,S.patens,40
598,2007,NC,S.patens,40
599,2007,NC,S.patens,40
600,2007,NC,S.patens,40
601,2007,NC,S.patens,40
602,2007,NC,S.patens,40
603,2007,NC,S.patens,40
604,2007,NC,S.patens,40
605,2007,NC,S.patens,40
606,2007,NC,S.patens,40
607,2007,NC,S.patens,40
608,2007,NC,S.patens,40
609,2007,NC,S.patens,40
610,2007,NC,S.patens,40
611,2007,NC,S.patens,40
612,2007,NC,S.patens,40
613,2007,NC,S.patens,40
614,2007,NC,S.patens,40
615,2007,NC,S.patens,40
616,2007,NC,S.patens,40
617,2007,NC,S.patens,40
618,2007,NC,S.patens,40
619,2007,NC,S.patens,40
620,2007,NC,S.patens,40
621,2007,NC,S.patens,40
622,2007,NC,S.patens,40
623,2007,NC,S.patens,40
624,2007,NC,S.patens,40
625,2007,NC,S.patens,40
626,2007,NC,S.patens,40
627,2007,NC,S.patens,40
628,2007,NC,S.patens,40
629,2007,NC,S.patens,40
630,2007,NC,S.patens,40
631,2007,NC,S.patens,40
632,2007,NC,S.patens,40
633,2007,NC,S.patens,40
634,2007,NC,S.patens,40
635,2007,NC,S.patens,40
636,2007,J,S.alterniflora,0
637,2007,NC,S.alterniflora,0
638,2015,J,S.alterniflora,0
639,2015,NC,S.alterniflora,6
640,2015,NC,S.alterniflora,6
641,2015,NC,S.alterniflora,6
642,2015,NC,S.alterniflora,6
643,2015,NC,S.alterniflora,6
644,2015,NC,S.alterniflora,6
645,2013,HP,S.alterniflora,0
646,2015,J,S.alterniflora,0
647,2015,NC,S.alterniflora,5
648,2015,NC,S.alterniflora,5
649,2015,NC,S.alterniflora,5
650,2015,NC,S.alterniflora,5
651,2015,NC,S.alterniflora,5
652,2007,J,S.alterniflora,0
653,2007,NC,S.alterniflora,2
654,2007,NC,S.alterniflora,2
655,2013,HP,S.alterniflora,5
656,2013,HP,S.alterniflora,5
657,2013,HP,S.alterniflora,5
658,2013,HP,S.alterniflora,5
659,2013,HP,S.alterniflora,5
660,2013,HP,S.alterniflora,1
661,2013,HP,S.alterniflora,5
662,2013,HP,S.alterniflora,5
663,2013,HP,S.alterniflora,5
664,2013,HP,S.alterniflora,5
665,2013,HP,S.alterniflora,5
666,2013,HP,S.alterniflora,6
667,2013,HP,S.alterniflora,6
668,2013,HP,S.alterniflora,6
669,2013,HP,S.alterniflora,6
670,2013,HP,S.alterniflora,6
671,2013,HP,S.alterniflora,6
672,2015,J,S.alterniflora,0
673,2015,NC,S.alterniflora,17
674,2015,NC,S.alterniflora,17
675,2015,NC,S.alterniflora,17
676,2015,NC,S.alterniflora,17
677,2015,NC,S.alterniflora,17
678,2015,NC,S.alterniflora,17
679,2015,NC,S.alterniflora,17
680,2015,NC,S.alterniflora,17
681,2015,NC,S.alterniflora,17
682,2015,NC,S.alterniflora,17
683,2015,NC,S.alterniflora,17
684,2015,NC,S.alterniflora,17
685,2015,NC,S.alterniflora,17
686,2015,NC,S.alterniflora,17
687,2015,NC,S.alterniflora,17
688,2015,NC,S.alterniflora,17
689,2015,NC,S.alterniflora,17
690,2007,J,S.alterniflora,0
691,2007,NC,S.alterniflora,9
692,2007,NC,S.alterniflora,9
693,2007,NC,S.alterniflora,9
694,2007,NC,S.alterniflora,9
695,2007,NC,S.alterniflora,9
696,2007,NC,S.alterniflora,9
697,2007,NC,S.alterniflora,9
698,2007,NC,S.alterniflora,9
699,2007,NC,S.alterniflora,9
700,2007,J,S.alterniflora,0
701,2007,NC,S.alterniflora,7
702,2007,NC,S.alterniflora,7
703,2007,NC,S.alterniflora,7
704,2007,NC,S.alterniflora,7
705,2007,NC,S.alterniflora,7
706,2007,NC,S.alterniflora,7
707,2007,NC,S.alterniflora,7
708,2013,HP,S.alterniflora,3
709,2013,HP,S.alterniflora,3
710,2013,HP,S.alterniflora,3
711,2013,HP,S.alterniflora,0
712,2015,NC,S.alterniflora,2
713,2015,NC,S.alterniflora,2
714,2015,J,S.alterniflora,0
715,2013,HP,S.alterniflora,0
716,2013,HP,S.alterniflora,0
717,2015,J,S.alterniflora,0
718,2015,NC,S.alterniflora,8
719,2015,NC,S.alterniflora,8
720,2015,NC,S.alterniflora,8
721,2015,NC,S.alterniflora,8
722,2015,NC,S.alterniflora,8
723,2015,NC,S.alterniflora,8
724,2015,NC,S.alterniflora,8
725,2015,NC,S.alterniflora,8
726,2007,J,S.alterniflora,25
727,2007,J,S.alterniflora,25
728,2007,J,S.alterniflora,25
729,2007,J,S.alterniflora,25
730,2007,J,S.alterniflora,25
731,2007,J,S.alterniflora,25
732,2007,J,S.alterniflora,25
733,2007,J,S.alterniflora,25
734,2007,J,S.alterniflora,25
735,2007,J,S.alterniflora,25
736,2007,J,S.alterniflora,25
737,2007,J,S.alterniflora,25
738,2007,J,S.alterniflora,25
739,2007,J,S.alterniflora,25
740,2007,J,S.alterniflora,25
741,2007,J,S.alterniflora,25
742,2007,J,S.alterniflora,25
743,2007,J,S.alterniflora,25
744,2007,J,S.alterniflora,25
745,2007,J,S.alterniflora,25
746,2007,J,S.alterniflora,25
747,2007,J,S.alterniflora,25
748,2007,J,S.alterniflora,25
749,2007,J,S.alterniflora,25
750,2007,J,S.alterniflora,25
751,2007,NC,S.alterniflora,2
752,2007,NC,S.alterniflora,2
753,2007,J,S.sempervirens,0
754,2007,NC,S.sempervirens,0
755,2015,J,S.sempervirens,0
756,2015,NC,S.sempervirens,0
757,2013,HP,S.sempervirens,1
758,2015,J,S.sempervirens,0
759,2015,NC,S.sempervirens,24
760,2015,NC,S.sempervirens,24
761,2015,NC,S.sempervirens,24
762,2015,NC,S.sempervirens,24
763,2015,NC,S.sempervirens,24
764,2015,NC,S.sempervirens,24
765,2015,NC,S.sempervirens,24
766,2015,NC,S.sempervirens,24
767,2015,NC,S.sempervirens,24
768,2015,NC,S.sempervirens,24
769,2015,NC,S.sempervirens,24
770,2015,NC,S.sempervirens,24
771,2015,NC,S.sempervirens,24
772,2015,NC,S.sempervirens,24
773,2015,NC,S.sempervirens,24
774,2015,NC,S.sempervirens,24
775,2015,NC,S.sempervirens,24
776,2015,NC,S.sempervirens,24
777,2015,NC,S.sempervirens,24
778,2015,NC,S.sempervirens,24
779,2015,NC,S.sempervirens,24
780,2015,NC,S.sempervirens,24
781,2015,NC,S.sempervirens,24
782,2015,NC,S.sempervirens,24
783,2007,J,S.sempervirens,0
784,2007,NC,S.sempervirens,0
785,2013,HP,S.sempervirens,0
786,2013,HP,S.sempervirens,0
787,2013,HP,S.sempervirens,0
788,2013,HP,S.sempervirens,0
789,2015,J,S.sempervirens,0
790,2015,NC,S.sempervirens,0
791,2007,J,S.sempervirens,0
792,2007,NC,S.sempervirens,0
793,2007,J,S.sempervirens,0
794,2007,NC,S.sempervirens,0
795,2013,HP,S.sempervirens,0
796,2013,HP,S.sempervirens,0
797,2015,NC,S.sempervirens,1
798,2015,J,S.sempervirens,0
799,2013,HP,S.sempervirens,0
800,2013,HP,S.sempervirens,0
801,2015,J,S.sempervirens,0
802,2015,NC,S.sempervirens,0
803,2007,J,S.sempervirens,0
804,2007,NC,S.sempervirens,0
805,2007,J,A.glomeratus,0
806,2007,NC,A.glomeratus,12
807,2007,NC,A.glomeratus,12
808,2007,NC,A.glomeratus,12
809,2007,NC,A.glomeratus,12
810,2007,NC,A.glomeratus,12
811,2007,NC,A.glomeratus,12
812,2007,NC,A.glomeratus,12
813,2007,NC,A.glomeratus,12
814,2007,NC,A.glomeratus,12
815,2007,NC,A.glomeratus,12
816,2007,NC,A.glomeratus,12
817,2007,NC,A.glomeratus,12
818,2015,J,A.glomeratus,0
819,2015,NC,A.glomeratus,0
820,2013,HP,A.glomeratus,0
821,2015,J,A.glomeratus,0
822,2015,NC,A.glomeratus,0
823,2007,J,A.glomeratus,0
824,2007,NC,A.glomeratus,0
825,2013,HP,A.glomeratus,0
826,2013,HP,A.glomeratus,0
827,2013,HP,A.glomeratus,0
828,2013,HP,A.glomeratus,0
829,2015,J,A.glomeratus,0
830,2015,NC,A.glomeratus,0
831,2007,J,A.glomeratus,0
832,2007,NC,A.glomeratus,0
833,2007,J,A.glomeratus,0
834,2007,NC,A.glomeratus,0
835,2013,HP,A.glomeratus,0
836,2013,HP,A.glomeratus,0
837,2015,NC,A.glomeratus,0
838,2015,J,A.glomeratus,0
839,2013,HP,A.glomeratus,0
840,2013,HP,A.glomeratus,0
841,2015,J,A.glomeratus,0
842,2015,NC,A.glomeratus,0
843,2007,J,A.glomeratus,0
844,2007,NC,A.glomeratus,0
845,2013,HP,T.latifolia,12
846,2013,HP,T.latifolia,12
847,2013,HP,T.latifolia,12
848,2013,HP,T.latifolia,12
849,2013,HP,T.latifolia,12
850,2013,HP,T.latifolia,12
851,2013,HP,T.latifolia,12
852,2013,HP,T.latifolia,12
853,2013,HP,T.latifolia,12
854,2013,HP,T.latifolia,12
855,2013,HP,T.latifolia,12
856,2013,HP,T.latifolia,12
857,2013,HP,T.latifolia,4
858,2013,HP,T.latifolia,4
859,2013,HP,T.latifolia,4
860,2013,HP,T.latifolia,4
861,2013,HP,T.latifolia,1
862,2013,HP,T.latifolia,2
863,2013,HP,T.latifolia,2
864,2013,HP,T.latifolia,4
865,2013,HP,T.latifolia,4
866,2013,HP,T.latifolia,4
867,2013,HP,T.latifolia,4
